periode;code_entite;code_projet;code_business_line;ca_eur;opex_eur;capex_eur;ebitda_eur;commentaire_source
2023-06;ENT_IT_001;PRJ_008;BL_DEV;3024565.7739377865;836778.6534661818;217950.33331964572;2187787.1204716046;Source données test
2024-08;ENT_IT_001;PRJ_008;BL_SUP;3289353.517449379;158513.9965872445;1449557.569088313;3130839.5208621346;Anomalie: valeur_manquante
2024-08;ENT_FR_001;PRJ_010;BL_CONST;134624.8955766153;50709.74468569568;1059053.8273116103;83915.15089091961;Source données test
2024-03;ENT_ES_001;PRJ_007;BL_SUP;3002831.387424008;131367.13372864525;1222938.806764848;2871464.2536953627;Source données test
2023-06;ENT_DE_001;PRJ_004;BL_DEV;4831596.962065341;2353090.2353748796;623135.2629632739;2478506.7266904614;Source données test
2024-07;ENT_IT_001;PRJ_007;BL_SUP;2526366.859545224;100407.38600079443;1820454.3961159885;2425959.4735444295;Source données test
2023-07;ENT_IT_001;PRJ_002;BL_CONST;;891387.110212178;386011.82194054354;1756946.1935590948;Anomalie: valeur_manquante
2023-01;ENT_DE_001;PRJ_004;BL_CONST;3663632.779696462;751468.2402623136;1149479.0693226908;2912164.5394341485;Source données test
2023-07;ENT_MA_001;PRJ_002;BL_EXP;4160813.7948444537;922792.8315033222;576250.3291810139;3238020.9633411313;Source données test
2023-08;ENT_MA_001;PRJ_001;BL_DEV;4935745.989342535;2298350.1752432035;413457.04943766136;2637395.8140993314;Source données test
2023-10;ENT_ES_001;PRJ_001;BL_SUP;3672135.1234008376;1710761.840487504;166608.4104334989;1961373.2829133337;Source données test
2023-08;ENT_IT_001;PRJ_007;BL_DEV;3154160.821455034;659678.4502896157;145845.53356632678;2494482.371165418;Source données test
2024-11;ENT_MA_001;PRJ_003;BL_SUP;3224031.6096405443;1721880.518796357;954985.5518206597;1502151.0908441872;Source données test
2024-01;ENT_ES_001;PRJ_001;BL_DEV;2850258.2680905317;1329924.9884574288;997715.2808014937;1520333.279633103;Source données test
2024-02;ENT_DE_001;PRJ_010;BL_SUP;628667.9922671918;60283.65455422648;1280092.6143022852;568384.3377129653;Source données test
2023-04;ENT_MA_001;PRJ_007;BL_EXP;2110876.3228745856;969147.4485157218;473020.3676734125;1141728.8743588638;Source données test
2024-06;ENT_IT_001;;BL_CONST;4059789.859865643;1561221.5009035731;1745491.968571681;2498568.35896207;Anomalie: projet_vide
2023-11;ENT_IT_001;PRJ_010;BL_EXP;4490847.369625117;890962.8677168317;237902.8105648;3599884.501908285;Source données test
2024-07;ENT_MA_001;PRJ_009;BL_EXP;134065.43960283446;65546.77185873566;846473.7862345824;68518.6677440988;Source données test
2024-06;ENT_DE_001;PRJ_008;BL_EXP;924626.1066473598;160426.85419190413;1125041.9639943356;764199.2524554557;Source données test
2024-04;ENT_DE_001;PRJ_004;BL_SUP;1333733.2495442843;423055.69406231557;615739.053437204;910677.5554819687;Source données test
;ENT_ES_001;PRJ_001;BL_CONST;2563127.2138214214;126594.01539493525;571719.9991884907;2436533.198426486;Anomalie: periode_vide
2024-06;ENT_DE_001;PRJ_005;BL_SUP;2294137.506408149;783403.0091498705;1193539.5132811991;1510734.4972582785;Source données test
2024-11;ENT_ES_001;PRJ_001;BL_EXP;4035384.8062614896;1165191.3890489074;1967177.818971789;2870193.417212582;Source données test
2024-03;ENT_FR_001;PRJ_009;BL_SUP;2590174.0060295216;1096575.1067877663;1719550.4335311654;1493598.8992417553;Source données test
2023-04;ENT_ES_001;PRJ_010;BL_EXP;4066555.1260846057;883288.3753829327;210429.5711610131;3183266.750701673;Anomalie: valeur_manquante
2023-06;ENT_DE_001;PRJ_008;BL_DEV;3410881.5734924753;1517880.262229759;433961.8090606731;1893001.3112627163;Source données test
2023-09;ENT_ES_001;PRJ_007;BL_SUP;957279.1427700873;565017.1446885196;1042939.0647166083;392261.9980815677;Source données test
2023-01;ENT_XX_999;PRJ_005;BL_DEV;4424918.081627765;541572.7420818065;572165.2781325202;3883345.339545958;Anomalie: entite_inconnue
2024-03;ENT_ES_001;PRJ_004;BL_SUP;;1114661.7476843498;1704838.3285596753;967428.0752143816;Anomalie: valeur_manquante
2023-07;ENT_IT_001;PRJ_003;BL_SUP;597210.5600435573;254575.06941594504;30021.936015512998;342635.4906276123;Source données test
2024-05;ENT_DE_001;PRJ_006;BL_EXP;3294610.1715627424;482114.50339783955;1430114.858268121;2812495.668164903;Source données test
2024-08;ENT_IT_001;PRJ_008;BL_SUP;3746435.562977155;1634525.9863803338;629960.3678677307;2111909.5765968217;Source données test
2024-06;ENT_MA_001;PRJ_003;BL_CONST;4539884.059820915;1211540.3151185678;713155.2472354579;3328343.7447023466;Source données test
2024-02;ENT_FR_001;PRJ_005;BL_SUP;3640015.364781376;649170.8098523654;68145.6135342786;2990844.5549290106;Source données test
2024-04;ENT_IT_001;PRJ_005;BL_CONST;1913777.6312516776;66975.48535422549;1858070.7539236962;1846802.1458974523;Source données test
2024-08;ENT_ES_001;PRJ_001;BL_SUP;1542799.5711409699;387222.2798905509;1705250.6096033766;1155577.2912504189;Source données test
2024-05;ENT_FR_001;PRJ_010;BL_EXP;4236644.389558926;2367589.521497455;159423.9390820969;1869054.8680614713;Source données test
2024-02;ENT_XX_999;PRJ_010;BL_CONST;1680498.7447691425;863279.6253104068;290510.23625521705;817219.1194587357;Anomalie: entite_inconnue
2023-06;ENT_MA_001;PRJ_010;BL_EXP;2156926.196586755;368761.33385206416;1230797.1475140473;1788164.862734691;Source données test
2023-06;ENT_FR_001;PRJ_004;BL_DEV;1051942.372209007;91228.40805935532;805631.977883499;960713.9641496516;Source données test
2024-06;ENT_IT_001;PRJ_002;BL_CONST;2248523.2027886263;923038.5080902146;669742.2815999693;1325484.6946984117;Source données test
2024-09;ENT_DE_001;PRJ_010;BL_CONST;1326231.666527734;78960.57601542637;620465.7190529812;1247271.0905123076;Source données test
2023-05;ENT_FR_001;PRJ_008;BL_DEV;1430560.2875167353;-79157.00509923096;925385.0199951825;600312.317430349;Anomalie: opex_negatif
2024-02;ENT_ES_001;PRJ_007;BL_SUP;3657847.535241042;2142918.270199999;1042274.6896363667;1514929.2650410426;Source données test
2024-04;ENT_ES_001;PRJ_010;BL_EXP;1329216.5839986398;187794.94242982837;180128.4739020514;1141421.6415688114;Source données test
2023-11;ENT_MA_001;PRJ_001;BL_CONST;4584547.265369754;1244673.2115998135;494778.9711316584;3339874.0537699405;Source données test
2023-07;ENT_MA_001;PRJ_005;BL_DEV;4778839.875249651;2128879.879762917;1117621.0239725735;2649959.9954867344;Source données test
2024-10;ENT_ES_001;PRJ_010;BL_SUP;877367.5934482061;107248.90832739041;696921.7400984751;770118.6851208156;Source données test
2024-02;ENT_FR_001;PRJ_004;BL_DEV;2423451.7625278933;187366.11340651388;993399.4327313281;2236085.6491213795;Source données test
2023-01;ENT_MA_001;PRJ_007;BL_CONST;3117665.4804558605;1206251.0487566614;109701.93934864814;1911414.4316991991;Source données test
2024-06;ENT_DE_001;PRJ_001;BL_SUP;3327598.7949328306;367161.52057147044;159726.1198528511;2960437.2743613604;Source données test
2024-04;ENT_IT_001;PRJ_004;BL_SUP;-428255.79029758216;1197235.7374236095;274430.69940314215;2220889.140253001;Anomalie: ca_negatif
2023-11;ENT_ES_001;PRJ_001;BL_DEV;3292275.382103161;447942.8799389382;562443.0320958449;2844332.5021642228;Source données test
2024-01;ENT_DE_001;PRJ_003;BL_CONST;3446733.1897401484;-53490.79036037388;651571.7479816474;3253071.6557347905;Anomalie: opex_negatif
2023-01;ENT_ES_001;PRJ_009;BL_EXP;679007.6553461157;299017.0631596389;1265306.8366241702;17350710.438038856;Anomalie: ebitda_incoherent
2024-08;ENT_MA_001;PRJ_009;BL_SUP;969453.7645206418;449081.0404277311;1617532.7837491827;520372.72409291065;Anomalie: valeur_manquante
2024-05;ENT_FR_001;PRJ_007;BL_SUP;1769937.3472397875;991891.4248014853;1719657.2486491634;778045.9224383022;Source données test
2023-12;ENT_FR_001;PRJ_003;BL_DEV;1950871.5422638447;648726.1837397802;1003191.1575524939;1302145.3585240645;Source données test
2023-12;ENT_ES_001;PRJ_003;BL_DEV;362077.9540621076;210312.9716008992;1697343.4253092678;151764.9824612084;Source données test
2024-01;ENT_IT_001;PRJ_003;BL_CONST;3196002.3396320166;887517.4863652105;600557.3279621678;2308484.8532668063;Source données test
2024-08;ENT_IT_001;PRJ_005;BL_EXP;;311764.0155682602;1863239.6292608394;3616586.6317406325;Anomalie: valeur_manquante
2023-05;ENT_ES_001;PRJ_007;BL_UNKNOWN;1819483.5615051857;171947.55636931153;303123.530464615;1647536.0051358743;Anomalie: bl_inconnu
;ENT_FR_001;PRJ_006;BL_EXP;2187848.2277300116;331049.23155181296;805370.1718694187;1856798.9961781986;Anomalie: periode_vide
2023-01;ENT_MA_001;PRJ_005;BL_CONST;-478899.43095354346;1139397.6256577082;753871.451192444;3795136.308998051;Anomalie: ca_negatif
2023-12;ENT_XX_999;PRJ_004;BL_CONST;3570087.858357679;1057672.7299032356;768415.4284420639;2512415.1284544435;Anomalie: entite_inconnue
2023-09;ENT_DE_001;PRJ_003;BL_EXP;2228814.0379925296;376562.12549649103;822300.1318272059;1852251.9124960385;Source données test
2024-07;ENT_IT_001;PRJ_008;BL_DEV;4131672.7241957965;1857692.819565545;1368458.0656518799;2273979.904630251;Source données test
2024-04;ENT_FR_001;PRJ_008;BL_DEV;1195619.608745318;692827.5264723626;44065.859885836355;502792.08227295533;Anomalie: valeur_manquante
2024-08;ENT_MA_001;PRJ_005;BL_SUP;2813885.9935664716;1638038.9703232741;1055733.7314568947;1175847.0232431975;Source données test
2024-01;ENT_FR_001;PRJ_005;BL_CONST;2963140.128423191;1607096.5772369644;109983.83307608658;1356043.5511862268;Source données test
2024-03;ENT_IT_001;PRJ_008;BL_SUP;1744734.3175051196;219143.81559575998;1300759.7561040733;1525590.5019093596;Source données test
2024-05;ENT_IT_001;PRJ_005;BL_DEV;1373754.3279858872;400922.90262921556;83985.58319710792;972831.4253566717;Source données test
2023/01/01;ENT_IT_001;PRJ_003;BL_DEV;4708605.952963378;1206241.5356157494;1170701.989938036;3502364.4173476286;Anomalie: periode_format
2023-09;ENT_DE_001;PRJ_005;BL_EXP;2115150.0712683084;997967.2013298157;971132.7620953822;1117182.8699384928;Anomalie: valeur_manquante
2024-09;ENT_ES_001;PRJ_001;BL_DEV;411207.9649910066;57243.773772858964;285027.1952252537;353964.19121814764;Source données test
2024-10;ENT_IT_001;PRJ_001;BL_UNKNOWN;4998616.59910204;2989251.4203908117;1119754.7770932023;2009365.178711228;Anomalie: bl_inconnu
2023-05;ENT_DE_001;PRJ_010;BL_EXP;;382142.6770173181;275735.64199996006;929863.0215243504;Anomalie: valeur_manquante
2023-01;ENT_FR_001;PRJ_008;BL_SUP;329792.69217697764;89730.10859533268;63925.78921999723;240062.58358164495;Source données test
2024-09;ENT_ES_001;;BL_SUP;4100290.1025440055;2382985.261701104;195048.28226398022;1717304.8408429013;Anomalie: projet_vide
2024-04;ENT_MA_001;PRJ_005;BL_CONST;3549990.8636861956;492964.28851408913;290015.5216618041;3057026.5751721063;Source données test
2023-05;ENT_DE_001;PRJ_002;BL_CONST;2021995.8209886884;558869.732370413;1810234.2150976218;1463126.0886182752;Source données test
2023-05;ENT_FR_001;PRJ_008;BL_EXP;2043059.6333742237;781471.8004053301;1727480.1433185556;1261587.8329688935;Anomalie: valeur_manquante
2024-11;ENT_FR_001;PRJ_010;BL_DEV;1365397.502664896;403184.9011592152;1960464.4990652446;962212.6015056807;Source données test
2023-12;ENT_ES_001;PRJ_003;BL_EXP;731510.6373621812;99797.84401265657;320767.33315434284;631712.7933495246;Source données test
2023-07;ENT_IT_001;PRJ_008;BL_SUP;1793769.6882869296;970339.6994025622;958444.0477204872;823429.9888843674;Source données test
2024-05;ENT_MA_001;PRJ_010;BL_EXP;300256.2197057464;71987.52889467175;571608.8712832781;228268.69081107463;Source données test
2024-08;ENT_FR_001;PRJ_005;BL_DEV;1844358.272932732;994843.3408280222;274921.8286332949;849514.9321047098;Source données test
2023/01/01;ENT_DE_001;PRJ_009;BL_EXP;3176711.908505448;201746.98265447168;1749685.675731419;2974964.9258509763;Anomalie: periode_format
2024-04;ENT_DE_001;PRJ_004;BL_DEV;514133.33763534145;204384.44024308078;1972788.851816294;309748.89739226067;Source données test
2024-11;ENT_DE_001;PRJ_007;BL_CONST;2366420.109052425;1073924.6084525138;92632.74172338384;1292495.500599911;Source données test
2023-06;ENT_ES_001;PRJ_007;BL_CONST;3773119.5368420784;117461.43724857621;1737085.662527952;3655658.099593502;Source données test
2024-06;ENT_FR_001;PRJ_007;BL_DEV;993191.0045321945;357876.7791570259;1684605.7720383035;635314.2253751685;Source données test
2023-11;ENT_FR_001;PRJ_001;BL_DEV;3008603.0224148384;1241934.457986998;1582559.0524425297;1766668.5644278405;Source données test
2024-02;ENT_IT_001;PRJ_006;BL_CONST;2832937.103157143;1017644.0253670821;1137627.9141948298;1815293.077790061;Source données test
2023-05;ENT_IT_001;PRJ_010;BL_SUP;2896813.6928776684;651122.6866469798;1973300.1926100997;2245691.0062306887;Source données test
2023-01;ENT_MA_001;PRJ_006;BL_DEV;849009.7820032269;162994.42399541868;338149.1190539202;686015.3580078082;Source données test
2024-11;ENT_FR_001;PRJ_007;BL_EXP;2670105.8088942477;686961.9296686345;1965109.6614790407;1983143.879225613;Source données test
2023-01;ENT_IT_001;PRJ_004;BL_EXP;4103653.1476514717;672111.1074424613;358357.42303233035;3431542.0402090102;Source données test
2023-01;ENT_ES_001;PRJ_008;BL_CONST;1471897.5589353924;691094.2153303513;390346.6221438963;780803.3436050412;Source données test
2024-06;ENT_IT_001;PRJ_001;BL_SUP;1287807.6888338933;132990.80627928977;1229027.6840344325;1154816.8825546035;Source données test
2023-05;ENT_ES_001;PRJ_004;BL_DEV;2709688.219502771;131664.1994912976;686476.4708239627;2578024.0200114734;Source données test
2024-10;ENT_DE_001;PRJ_002;BL_DEV;3454400.5846111835;227725.58734505565;294873.05141520035;3226674.9972661277;Source données test
2023-08;ENT_ES_001;PRJ_008;BL_CONST;2118020.479321616;-194754.03659997688;1860467.705610695;1642117.812774668;Anomalie: opex_negatif
2024-01;ENT_MA_001;PRJ_999;BL_EXP;4697868.238423086;551783.7858667276;151662.60938621944;4146084.452556358;Anomalie: projet_inconnu
2024-09;ENT_IT_001;PRJ_008;BL_EXP;3996809.828113462;523438.266627415;344038.7668740949;3473371.5614860468;Source données test
2023-05;ENT_ES_001;PRJ_010;BL_CONST;-275653.96342808736;984184.9119242267;797041.312696818;874084.4602809355;Anomalie: ca_negatif
;ENT_ES_001;PRJ_006;BL_DEV;3763285.9628636306;1159992.3328635893;479781.13639069826;2603293.6300000413;Anomalie: periode_vide
2024-10;ENT_DE_001;PRJ_005;BL_SUP;1222224.415531502;420947.74330102105;874425.7234101563;801276.672230481;Source données test
2024-06;ENT_DE_001;PRJ_004;BL_EXP;4405282.6653298475;1334717.4867151459;1488092.60405531;3070565.1786147016;Source données test
2023-05;ENT_FR_001;PRJ_001;BL_DEV;1317596.785090882;600935.4313957902;86394.22077684317;716661.3536950919;Source données test
2023-09;ENT_MA_001;PRJ_010;BL_DEV;604288.5506463106;217689.65542821004;770066.6998026931;386598.8952181005;Source données test
2024-07;ENT_MA_001;PRJ_008;BL_DEV;2483151.6617784784;638850.877689378;1548326.3215845253;1844300.7840891005;Source données test
2024-06;ENT_ES_001;PRJ_004;BL_SUP;3609277.4661914655;1317286.444487809;1657061.679061975;2291991.0217036568;Anomalie: valeur_manquante
2023-05;ENT_XX_999;PRJ_010;BL_DEV;781669.3513010031;92233.10102164774;526910.7530702512;689436.2502793553;Anomalie: entite_inconnue
2023-10;ENT_IT_001;PRJ_004;BL_SUP;3513589.036996772;1948645.2583456468;1420332.4959405293;1564943.7786511253;Source données test
2023-08;ENT_ES_001;PRJ_008;BL_DEV;;1281319.6097720657;244211.3307646954;3353966.1034711385;Anomalie: valeur_manquante
2024-09;ENT_FR_001;PRJ_001;BL_EXP;1626076.8938236418;260487.87787511662;1223630.8997126322;1365589.0159485252;Source données test
2024-08;ENT_FR_001;PRJ_010;BL_SUP;3960170.454701013;1454318.027108215;246249.25411026174;2505852.427592798;Source données test
2023-10;ENT_DE_001;PRJ_007;BL_CONST;2456101.1926364605;1357567.9109366408;1182395.083790403;1098533.2816998197;Source données test
2024-06;ENT_FR_001;PRJ_007;BL_SUP;2152734.7025722847;1185910.016187781;737539.9202509336;966824.6863845037;Source données test
2024-09;ENT_DE_001;PRJ_002;BL_DEV;2624351.0437933817;1537320.6562612283;928798.1962736858;1087030.3875321534;Source données test
2024-09;ENT_IT_001;PRJ_008;BL_DEV;1568019.9676557374;326095.527148385;806689.8686060437;1241924.4405073524;Source données test
2024-11;ENT_ES_001;PRJ_001;BL_DEV;1950857.1424568295;987382.8240190302;1183158.1363834671;963474.3184377993;Source données test
2024-06;ENT_DE_001;PRJ_002;BL_CONST;2259737.4599973178;573333.4277021295;1128087.8559902713;1686404.0322951884;Source données test
2023-01;ENT_MA_001;PRJ_007;BL_EXP;3790906.481662509;655747.4268807287;1796912.2114413907;3135159.0547817806;Source données test
2023-01;ENT_IT_001;PRJ_002;BL_EXP;3328727.3153597414;102762.3026047028;459504.8806272399;3225965.0127550387;Source données test
2023-07;ENT_FR_001;;BL_EXP;4448556.3643161645;1508128.3302449663;1447209.9306948031;2940428.034071198;Anomalie: projet_vide
;ENT_ES_001;PRJ_004;BL_SUP;3373617.169196166;454673.9082874445;600432.5059168063;2918943.2609087215;Anomalie: periode_vide
2023-06;ENT_DE_001;PRJ_007;BL_DEV;1118642.650215534;66481.42272079014;379242.16147779865;1052161.227494744;Source données test
2024-05;ENT_DE_001;PRJ_001;BL_EXP;3161330.22811193;670276.4392216065;1653712.5162168664;2491053.7888903236;Source données test
2024-10;ENT_IT_001;PRJ_004;BL_DEV;1791441.5099182504;843075.84584234;-37560.8420064767;948365.6640759103;Anomalie: capex_negatif
2024-09;ENT_IT_001;;BL_DEV;4355493.081899772;1299430.367214248;1791213.409250301;3056062.7146855243;Anomalie: projet_vide
2024-04;ENT_DE_001;PRJ_003;BL_DEV;1416519.0609862357;483259.4027566137;1274286.8752557717;933259.6582296221;Source données test
2024-09;ENT_ES_001;PRJ_004;BL_CONST;2675881.8932831604;317052.13117954036;559168.5065083505;2358829.76210362;Source données test
2024-05;ENT_MA_001;PRJ_010;BL_SUP;2540644.6922039283;149042.5239497295;822391.2142948237;2391602.1682541985;Source données test
2023-11;ENT_MA_001;PRJ_010;BL_CONST;770739.5873371556;421207.0658758482;1750302.3535737803;349532.5214613074;Source données test
2023-11;ENT_MA_001;PRJ_009;BL_DEV;959319.265254903;530607.200366775;849165.6392863048;428712.06488812796;Source données test
2024-01;ENT_DE_001;PRJ_006;BL_EXP;1003417.5113269198;99870.56486929242;1546552.1325602476;903546.9464576273;Source données test
2023-10;ENT_ES_001;PRJ_004;BL_DEV;3635511.0194973378;1350959.5026056217;1899627.458174376;2284551.516891716;Source données test
2024-11;ENT_MA_001;PRJ_008;BL_DEV;1422564.989721755;-176961.1773971836;340787.4782253375;938780.266329826;Anomalie: opex_negatif
2023-12;ENT_XX_999;PRJ_002;BL_DEV;3877469.7983545274;292668.99159344204;168772.80783690134;3584800.8067610855;Anomalie: entite_inconnue
2023-10;ENT_DE_001;PRJ_009;BL_EXP;472073.7108111482;68138.31752716756;24631.993439040954;403935.39328398067;Anomalie: valeur_manquante
2023-11;ENT_ES_001;PRJ_005;BL_SUP;4056408.23390213;2343494.322552279;1584226.846407875;1712913.9113498507;Source données test
2024-04;ENT_IT_001;PRJ_008;BL_EXP;3687901.9434068496;1794382.9974117472;1324391.0660872203;1893518.9459951024;Source données test
2023-05;ENT_FR_001;PRJ_002;BL_DEV;3268658.1036741007;1374792.902743965;122159.6971842458;1893865.2009301358;Source données test
2023-09;ENT_FR_001;PRJ_007;BL_CONST;2882931.6297078845;1587799.686966992;87213.0375998817;1295131.9427408925;Source données test
2023-08;ENT_ES_001;PRJ_008;BL_CONST;2166637.0326795112;1044163.1559589856;1495227.8052780363;1122473.8767205258;Source données test
2023-03;ENT_DE_001;PRJ_010;BL_EXP;281337.4101059139;120838.32007768263;475417.49782965204;160499.09002823127;Source données test
2023-01;ENT_ES_001;PRJ_005;BL_EXP;1765387.322463524;781458.1035433776;149405.5547819059;983929.2189201465;Source données test
2024-04;ENT_IT_001;PRJ_006;BL_DEV;3715493.2578419726;1183600.2576253617;865097.7721766314;14175060.840278922;Anomalie: ebitda_incoherent
2023-03;ENT_DE_001;PRJ_002;BL_CONST;101163.86552183444;51984.24841058162;780248.502041057;49179.61711125282;Anomalie: valeur_manquante
2024-01;ENT_IT_001;PRJ_001;BL_DEV;284224.18871067825;107830.20868776843;1169899.2703101088;176393.98002290982;Source données test
2023-09;ENT_FR_001;PRJ_007;BL_SUP;3714153.2777855685;570174.0938809584;238738.74400016142;3143979.18390461;Source données test
2024-05;ENT_IT_001;PRJ_002;BL_CONST;2986631.8189073848;532990.9575518926;1822471.422073918;2453640.861355492;Source données test
2024-02;ENT_FR_001;PRJ_009;BL_SUP;709744.0307545961;409465.41447970574;1600018.8578438992;300278.6162748904;Source données test
2023-05;ENT_ES_001;PRJ_002;BL_DEV;3742428.8321787585;-84585.37937075285;815128.8681224652;3549753.9451237684;Anomalie: opex_negatif
2024-06;ENT_MA_001;PRJ_010;BL_UNKNOWN;964987.3568269905;166635.53201095026;389147.75904562394;798351.8248160402;Anomalie: bl_inconnu
2023-05;ENT_MA_001;PRJ_005;BL_CONST;4848602.887689975;2576886.7821118124;1856949.5207265217;2271716.1055781627;Anomalie: valeur_manquante
2023-09;ENT_ES_001;PRJ_002;BL_CONST;3510501.028463582;366456.247172445;1635349.5874814233;3144044.781291137;Source données test
2024-11;ENT_MA_001;PRJ_009;BL_DEV;4485115.062016415;2321654.302915259;925715.5535919404;2163460.7591011566;Source données test
2023-08;ENT_ES_001;PRJ_009;BL_CONST;4324425.324600708;2109939.284790729;1317379.121665263;2214486.0398099786;Source données test
2023-01;ENT_IT_001;PRJ_006;BL_SUP;3509000.034963776;150269.7747944349;1074552.988413509;3358730.260169341;Anomalie: valeur_manquante
2023-05;ENT_MA_001;PRJ_001;BL_CONST;-239123.68316087723;754410.5433701649;1192967.4136258448;1771807.4389983094;Anomalie: ca_negatif
2023-01;ENT_ES_001;PRJ_001;BL_CONST;2654175.5296840332;1389142.656964081;505665.3538655624;1265032.8727199521;Source données test
2024-03;ENT_FR_001;PRJ_009;BL_DEV;3432689.781625472;1293170.0051671488;1510378.9463241296;2139519.776458323;Source données test
2023-10;ENT_MA_001;PRJ_010;BL_DEV;243311.6868693398;129267.68244668341;275162.3375974215;114044.0044226564;Source données test
2023-06;ENT_DE_001;PRJ_004;BL_CONST;4177457.4719929355;1296581.5390286744;32644.025999330486;2880875.932964261;Source données test
2024-01;ENT_ES_001;PRJ_001;BL_DEV;3195886.282381675;535191.4414487423;1275331.2921372305;2660694.8409329327;Source données test
2023-03;ENT_ES_001;PRJ_007;BL_CONST;2217979.8410733105;1126017.4591422824;796459.3986614892;1091962.381931028;Source données test
2023-05;ENT_MA_001;PRJ_006;BL_SUP;951392.0290070773;451487.96720890293;1895649.8187475493;499904.0617981744;Source données test
2023-11;ENT_FR_001;PRJ_010;BL_CONST;1794826.979069488;687615.7779188069;110569.22694877544;19734889.69177397;Anomalie: ebitda_incoherent
2023-11;ENT_IT_001;PRJ_003;BL_SUP;3815489.6600522106;105057.32948973472;63804.63202741456;3710432.330562476;Source données test
2024-02;ENT_ES_001;PRJ_010;BL_EXP;2284923.261246067;411448.2274964326;1994306.510312268;1873475.0337496344;Source données test
2023-12;ENT_FR_001;PRJ_007;BL_EXP;3994566.788874654;1677891.8773945558;457123.83332174557;2316674.911480098;Source données test
2024-01;ENT_IT_001;PRJ_006;BL_EXP;1438971.6822912258;823416.2657680198;319094.6257261825;615555.4165232059;Source données test
2024-08;ENT_MA_001;PRJ_004;BL_CONST;3824460.984346676;1042817.677971322;637664.9411803583;2781643.306375354;Source données test
2023-05;ENT_DE_001;PRJ_003;BL_SUP;4353801.786103602;1881836.335886457;1134245.5669598975;2471965.4502171446;Source données test
2023-07;ENT_IT_001;PRJ_009;BL_DEV;546706.0029903392;92720.56121418372;918313.3965184597;453985.4417761555;Source données test
2023-06;ENT_ES_001;PRJ_005;BL_SUP;4612154.4542968655;1725619.381190194;1597143.836132829;2886535.0731066717;Source données test
2024-01;ENT_FR_001;PRJ_004;BL_SUP;2836222.09565767;422532.1541518336;338434.42877481633;2413689.9415058363;Source données test
2024-08;ENT_MA_001;PRJ_002;BL_SUP;2222909.0699611125;1313656.6325567956;316169.67248178023;909252.4374043169;Source données test
2024-05;ENT_ES_001;PRJ_999;BL_DEV;4767978.326389713;2601684.864384609;1454084.9100902956;2166293.4620051044;Anomalie: projet_inconnu
2023-08;ENT_XX_999;PRJ_009;BL_CONST;798228.1602174148;263991.5360576758;1243948.3539498758;534236.6241597391;Anomalie: entite_inconnue
2023-09;ENT_DE_001;PRJ_001;BL_CONST;-243120.54037130854;1444996.0456164896;183366.89819203413;1272790.7636680913;Anomalie: ca_negatif
2023-06;ENT_DE_001;PRJ_006;BL_EXP;1084209.5403252414;466280.79332022683;1646452.6414595356;617928.7470050146;Source données test
2023-11;ENT_FR_001;PRJ_008;BL_EXP;708677.8369674908;386268.23940436;1197657.7420063335;322409.59756313084;Source données test
2023-08;ENT_DE_001;PRJ_008;BL_SUP;-132045.93855387004;1741177.7097272344;692111.381234756;1857848.2577216618;Anomalie: ca_negatif
2024-07;ENT_IT_001;PRJ_006;BL_CONST;3940779.5117524234;1163036.388085991;100693.13006309608;2777743.1236664327;Source données test
2024-01;ENT_ES_001;PRJ_002;BL_CONST;3007065.3767198757;1190771.5693197087;968972.2785810488;1816293.807400167;Source données test
2024-06;ENT_IT_001;PRJ_008;BL_DEV;3969522.6849981477;1585917.885806193;1006427.5185772151;2383604.7991919545;Source données test
2024-05;ENT_ES_001;PRJ_006;BL_DEV;4982036.1886780355;2915133.2280673627;1307644.858966935;2066902.9606106728;Source données test
2023-03;ENT_MA_001;PRJ_006;BL_EXP;1097533.5736769892;561432.2194660819;364902.8064249422;536101.3542109072;Anomalie: valeur_manquante
2024-11;ENT_IT_001;PRJ_005;BL_SUP;3703216.463462188;1717442.4506059226;1019592.8661481752;1985774.0128562653;Source données test
;ENT_FR_001;PRJ_004;BL_CONST;3653762.5360341687;1092570.2003061569;1749378.011401688;2561192.335728012;Anomalie: periode_vide
2023-05;ENT_DE_001;PRJ_003;BL_EXP;1490887.1901823606;353314.6501988021;780017.3606982366;1137572.5399835585;Source données test
2024-08;ENT_FR_001;PRJ_003;BL_CONST;3607542.326942234;1972172.3508876923;375772.5555630791;1635369.9760545415;Source données test
2024-01;ENT_DE_001;PRJ_007;BL_DEV;4286486.957510938;1291471.6738591641;509517.52731829055;14453052.550026655;Anomalie: ebitda_incoherent
2024-11;ENT_FR_001;PRJ_004;BL_CONST;566781.3889776688;239160.62905529828;638053.1522589652;327620.75992237055;Source données test
2023-03;ENT_MA_001;PRJ_005;BL_EXP;2983221.9033689667;1091722.296567706;805386.3571602528;1891499.6068012607;Source données test
2023-10;ENT_DE_001;PRJ_003;BL_CONST;-272355.00946472236;314610.80516584945;687266.2893339469;617202.9297631001;Anomalie: ca_negatif
2024-07;ENT_ES_001;PRJ_999;BL_DEV;918505.3487146543;133994.52721049107;92609.42532841509;784510.8215041633;Anomalie: projet_inconnu
2023-05;ENT_IT_001;PRJ_005;BL_DEV;4236435.199949066;2057618.1296560692;-36467.29680294146;2178817.070292997;Anomalie: capex_negatif
2024-07;ENT_DE_001;PRJ_002;BL_DEV;2702730.6872050567;1522005.4832111693;97900.2105236491;1180725.2039938874;Source données test
2023-05;ENT_MA_001;PRJ_005;BL_EXP;1649164.9143860776;526546.569472119;102314.26091977635;1122618.3449139586;Source données test
2024-08;ENT_DE_001;PRJ_008;BL_EXP;124205.90657860712;73341.79814925569;-56379.18845070873;50864.10842935143;Anomalie: capex_negatif
2024-02;ENT_ES_001;PRJ_002;BL_EXP;3367634.861975911;325194.0976838075;79347.70794790235;3042440.7642921037;Source données test
2024-03;ENT_DE_001;PRJ_010;BL_SUP;3399818.923292095;1980019.5946653083;205923.4172630484;1419799.3286267866;Source données test
2023-05;ENT_MA_001;PRJ_006;BL_EXP;3493867.1659082063;1765052.3305659015;1890336.154558566;1728814.8353423048;Source données test
2024-05;ENT_DE_001;PRJ_001;BL_CONST;;1513374.7174234441;80166.37819973698;2844259.706522275;Anomalie: valeur_manquante
2023-01;ENT_FR_001;PRJ_003;BL_EXP;3328538.80414002;816902.5543909395;1309441.2945421543;2511636.2497490807;Source données test
2023-01;ENT_DE_001;PRJ_006;BL_UNKNOWN;4888153.502684454;1223071.7460504696;1744091.8316677732;3665081.756633985;Anomalie: bl_inconnu
2023-12;ENT_FR_001;;BL_CONST;2080287.5760900616;441842.1557035136;1341834.9034158976;1638445.420386548;Anomalie: projet_vide
2024-05;ENT_MA_001;PRJ_009;BL_EXP;2234358.2425833717;1105509.0623776712;258013.9296338047;1128849.1802057005;Source données test
2024-08;ENT_FR_001;PRJ_010;BL_EXP;2860850.744007448;683973.4111220557;1106029.448869924;2176877.3328853925;Source données test
2024-04;ENT_ES_001;PRJ_999;BL_CONST;2976602.3677356397;342412.95413142;1292300.4185154354;2634189.4136042194;Anomalie: projet_inconnu
2023-08;ENT_ES_001;PRJ_005;BL_CONST;-143567.33673869257;2428292.721150482;1830188.3015839104;2333952.221212874;Anomalie: ca_negatif
2023-05;ENT_DE_001;PRJ_005;BL_EXP;-387249.2304905978;1009755.3856354294;1534468.857853414;1704897.0933262748;Anomalie: ca_negatif
2023-10;ENT_MA_001;PRJ_005;BL_EXP;;1194866.1145301196;161134.93470922453;1016358.1340062437;Anomalie: valeur_manquante
2024-06;ENT_IT_001;PRJ_005;BL_DEV;1822951.1674742086;155860.0891541596;982026.0831889247;1667091.078320049;Source données test
2024-07;ENT_ES_001;PRJ_003;BL_SUP;1625407.7258644179;614708.0588842297;1437978.3349619233;1010699.6669801881;Source données test
2023-04;ENT_DE_001;PRJ_009;BL_CONST;987631.8127199336;419560.30377415905;379247.92843734135;568071.5089457745;Source données test
2023-06;ENT_FR_001;;BL_DEV;1357157.6401366824;785959.795611095;977420.380505451;571197.8445255874;Anomalie: projet_vide
2023-01;ENT_IT_001;PRJ_008;BL_DEV;-453682.58533936314;1830518.0979189784;1211191.4038897357;1371923.6424917309;Anomalie: ca_negatif
;ENT_DE_001;PRJ_009;BL_EXP;3093806.8453698596;792434.1926275938;1682925.3796761064;2301372.6527422657;Anomalie: periode_vide
2024-03;ENT_FR_001;PRJ_010;BL_EXP;3924575.024694923;683357.8404711772;1648776.350657083;3241217.1842237455;Source données test
2023-09;ENT_FR_001;PRJ_002;BL_EXP;3156910.690915208;883125.7449524419;1181484.7570874388;2273784.945962766;Source données test
2023-03;ENT_IT_001;PRJ_002;BL_DEV;1162025.0204448006;111947.89722510047;66804.40037174607;1050077.1232197;Source données test
2023-06;ENT_ES_001;PRJ_010;BL_DEV;2015439.379937022;739154.7930656037;1003598.3805411553;1276284.5868714182;Anomalie: valeur_manquante
2024-08;ENT_DE_001;PRJ_003;BL_CONST;2198178.1131355125;960564.7332199408;1391023.579622252;1237613.3799155718;Anomalie: valeur_manquante
2024-06;ENT_IT_001;PRJ_010;BL_CONST;2934095.893331405;518940.17819168593;177250.35059819347;2415155.7151397187;Source données test
2023-01;ENT_IT_001;PRJ_003;BL_DEV;1684520.6543660518;267751.6144860471;722892.6855472359;1416769.0398800047;Source données test
2024-04;ENT_IT_001;PRJ_002;BL_SUP;4021746.8883295716;602272.8988174644;1089223.590916931;16508773.690471942;Anomalie: ebitda_incoherent
2024-09;ENT_IT_001;PRJ_010;BL_EXP;1032591.8278134322;79809.87345912907;769383.3185020208;952781.9543543032;Source données test
2023-03;ENT_DE_001;PRJ_007;BL_CONST;;625073.3822900065;195759.44033338156;1109417.4101237757;Anomalie: valeur_manquante
2024-02;ENT_FR_001;PRJ_007;BL_SUP;2106441.479725499;563087.4732218678;1647176.758924152;1543354.0065036314;Source données test
2024-03;ENT_IT_001;PRJ_008;BL_SUP;2426944.0631804713;587895.6168970226;257261.42399493977;1839048.4462834487;Anomalie: valeur_manquante
2024-07;ENT_IT_001;PRJ_001;BL_UNKNOWN;3390636.3737038826;234406.905046994;528953.5875355182;3156229.4686568887;Anomalie: bl_inconnu
2023-01;ENT_MA_001;PRJ_006;BL_SUP;3572849.0189405847;125709.32902321062;620194.1447717507;3447139.689917374;Source données test
2023-01;ENT_FR_001;PRJ_005;BL_CONST;4691093.332852208;1581072.6874390463;624938.1351028866;3110020.6454131617;Source données test
2024-10;ENT_DE_001;PRJ_004;BL_CONST;;1453081.80786548;1003987.6961535439;1173747.3878473593;Anomalie: valeur_manquante
2023-09;ENT_IT_001;PRJ_001;BL_CONST;2744689.83192372;1052719.3722419783;1355121.536689916;1691970.4596817417;Source données test
2024-01;ENT_ES_001;PRJ_007;BL_SUP;4111801.519963924;829576.2188315477;65329.77345271809;3282225.3011323763;Source données test
2023-03;ENT_DE_001;PRJ_004;BL_CONST;3240763.178992127;1608154.807456039;-93820.57524107155;1632608.3715360882;Anomalie: capex_negatif
2024-01;ENT_FR_001;PRJ_006;BL_CONST;956709.2735760215;313357.4717392026;809352.7949891799;643351.8018368189;Source données test
2024-08;ENT_DE_001;PRJ_008;BL_DEV;226478.34405248624;61609.027945961134;1926967.9209465643;164869.3161065251;Source données test
2023-12;ENT_IT_001;PRJ_002;BL_DEV;617756.9528825452;255483.63115947339;447755.6013690072;362273.3217230718;Source données test
2024-10;ENT_ES_001;PRJ_003;BL_DEV;3925731.7717353553;1110041.8581606941;135164.31510084207;2815689.913574661;Anomalie: valeur_manquante
2024-11;ENT_FR_001;PRJ_007;BL_EXP;936257.3168949923;88192.13512211044;1569738.1606734155;848065.1817728818;Source données test
2023-06;ENT_IT_001;PRJ_001;BL_SUP;3202629.167465974;478393.9924120873;480638.16635410837;2724235.175053887;Source données test
2024-07;ENT_IT_001;PRJ_006;BL_EXP;3649155.6014156397;1744679.0706017455;821500.8895886956;1904476.5308138942;Source données test
2023-03;ENT_ES_001;PRJ_006;BL_CONST;966747.0112048866;255170.40277643668;1928368.105455055;711576.60842845;Source données test
2024-08;ENT_MA_001;PRJ_010;BL_EXP;771837.5580720954;271137.97223034286;446099.70659413026;500699.58584175253;Source données test
2024-05;ENT_MA_001;PRJ_005;BL_DEV;4027531.848226649;2320856.4652743987;985951.0069741977;1706675.3829522505;Source données test
2023-10;ENT_MA_001;PRJ_004;BL_SUP;580604.6458427985;195672.98661675997;317096.3560940888;384931.65922603855;Source données test
;ENT_ES_001;PRJ_009;BL_DEV;2032933.764993173;587442.570805418;1574332.7567973726;1445491.1941877552;Anomalie: periode_vide
2023-08;ENT_FR_001;PRJ_008;BL_DEV;4719872.592924982;2300251.9557867385;171305.38168734184;2419620.6371382438;Source données test
2024-05;ENT_DE_001;PRJ_008;BL_DEV;4143147.7600506484;1256866.1584270003;784970.8414996647;2886281.601623648;Source données test
2024-04;ENT_FR_001;PRJ_007;BL_SUP;4424051.258234889;325271.3496646318;1976785.0365802601;4098779.9085702575;Source données test
2023-07;ENT_MA_001;PRJ_008;BL_DEV;3756415.561661009;1502415.0251119856;1608218.5050926232;2254000.5365490234;Source données test
2024-04;ENT_MA_001;PRJ_004;BL_DEV;;581021.8531308115;1983345.0495631425;1418194.781134759;Anomalie: valeur_manquante
2024-06;ENT_IT_001;PRJ_003;BL_EXP;2119441.5582875805;721446.6483097491;1664458.223681583;1397994.9099778314;Source données test
2023-09;ENT_IT_001;PRJ_001;BL_EXP;3934176.130363296;576431.1994722668;1952461.882205609;3357744.930891029;Source données test
2023-03;ENT_FR_001;PRJ_004;BL_CONST;1377495.1696075911;103775.76811568502;1920456.5057903393;1273719.401491906;Source données test
2024-05;ENT_DE_001;PRJ_005;BL_SUP;1534827.9798347272;903453.0120767477;1211725.5474799178;631374.9677579795;Source données test
2024-03;ENT_IT_001;PRJ_002;BL_EXP;314304.56681185047;65356.07102234654;1205092.519855044;248948.4957895039;Source données test
2023-07;ENT_ES_001;PRJ_010;BL_DEV;902050.6271799773;184494.60702001015;1858068.7150401825;717556.0201599671;Source données test
2024-06;ENT_FR_001;PRJ_008;BL_DEV;1500943.2672718847;-187838.98004593316;1725512.5927996032;756926.5755226859;Anomalie: opex_negatif
2024-05;ENT_MA_001;PRJ_005;BL_CONST;4225792.909161301;1860645.908905715;1557365.9440694547;2365147.0002555866;Source données test
2023-10;ENT_ES_001;PRJ_009;BL_CONST;2743825.480427975;1212018.6483151144;233728.5549999994;1531806.8321128604;Source données test
2024-07;ENT_ES_001;PRJ_002;BL_EXP;2493131.237318204;267859.38112391665;697919.599346422;2225271.856194287;Source données test
2023-05;ENT_MA_001;PRJ_001;BL_SUP;3098508.476152922;241639.79082052087;320107.3557435937;2856868.685332401;Source données test
2023-11;ENT_FR_001;PRJ_999;BL_EXP;888156.0523929563;319475.0848860475;1627269.3893941056;568680.9675069088;Anomalie: projet_inconnu
2023-03;ENT_FR_001;PRJ_004;BL_SUP;1050373.9496120969;560490.9660665051;1321969.4193004856;489882.9835455918;Source données test
2024-08;ENT_ES_001;PRJ_002;BL_DEV;1938773.531769065;-175994.5970423274;1057835.1580378013;1289062.9742222028;Anomalie: opex_negatif
2023-11;ENT_FR_001;PRJ_009;BL_CONST;3817514.311543924;-120547.85811526785;1517404.0226250761;2247600.733747986;Anomalie: opex_negatif
2024-06;ENT_MA_001;PRJ_010;BL_SUP;1988341.8269320729;785369.6793305782;1565191.5567716036;1202972.1476014946;Source données test
2023-05;ENT_MA_001;PRJ_006;BL_SUP;974025.6631059161;65536.19329295661;350432.5333526444;908489.4698129595;Source données test
2023-12;ENT_IT_001;PRJ_001;BL_EXP;4383886.105990165;1366252.243067601;1452341.435912327;3017633.862922564;Source données test
2024-10;ENT_IT_001;PRJ_004;BL_SUP;3057089.5663226284;1256990.4468465834;1613878.2193679241;1800099.119476045;Source données test
2024-06;ENT_FR_001;PRJ_003;BL_CONST;3507536.676807461;1582519.7564008527;1964298.9970833675;1925016.9204066081;Source données test
2023-04;ENT_ES_001;PRJ_004;BL_CONST;1708144.4926856265;473119.705720593;195428.85076564213;1235024.7869650335;Source données test
2024-02;ENT_ES_001;PRJ_009;BL_SUP;1567273.2014102447;204460.3991121184;1282355.463651055;1362812.8022981263;Source données test
2024-02;ENT_ES_001;PRJ_006;BL_EXP;4215031.199614525;1001529.0731061014;1152307.0970298294;3213502.1265084236;Source données test
2024-07;ENT_MA_001;PRJ_010;BL_CONST;909941.1437538553;397300.2433634693;1179904.0890243659;512640.90039038594;Source données test
2023-05;ENT_FR_001;PRJ_003;BL_DEV;375066.90673942905;199261.63542910726;466571.8332529506;175805.27131032178;Source données test
2023-05;ENT_IT_001;PRJ_001;BL_DEV;2345115.745015674;705422.3001636286;284290.34538356867;1639693.4448520453;Source données test
2023-06;ENT_DE_001;PRJ_003;BL_DEV;3923044.0108075016;66194.06536237737;133414.89713369426;3856849.945445124;Source données test
2023-11;ENT_IT_001;PRJ_009;BL_EXP;4620852.984630169;1335190.0980611579;46537.20033568791;3285662.8865690115;Source données test
2023-09;ENT_IT_001;PRJ_007;BL_EXP;1450500.4595268324;695680.1691375724;1950172.6125066015;754820.29038926;Source données test
2023-09;ENT_FR_001;PRJ_006;BL_SUP;866270.841576895;450749.5184336555;112071.16115132968;415521.3231432395;Source données test
2023-10;ENT_FR_001;PRJ_005;BL_SUP;1644428.653377059;772966.0904490321;191120.72930984205;871462.5629280268;Source données test
2024-11;ENT_ES_001;PRJ_004;BL_SUP;2844824.0989630255;1602215.9467633136;123470.60098632706;1242608.1521997119;Source données test
2024-01;ENT_FR_001;PRJ_005;BL_CONST;4899799.117870608;468931.58664221497;1455808.3405512073;4430867.531228393;Source données test
2024-04;ENT_ES_001;PRJ_003;BL_DEV;4740476.339919743;2753069.6349588954;382370.5795847598;1987406.7049608477;Source données test
2024-08;ENT_IT_001;PRJ_010;BL_DEV;4268018.683421575;1459124.4681569343;1056314.0045212456;2808894.215264641;Source données test
2023-01;ENT_IT_001;PRJ_010;BL_EXP;431574.9733100078;197898.59305540606;1096205.6703384393;233676.3802546017;Source données test
2023-05;ENT_DE_001;PRJ_001;BL_CONST;912295.2468000512;520368.64729957003;1702951.2355317106;391926.59950048116;Source données test
2023-01;ENT_ES_001;PRJ_007;BL_CONST;1523879.04305114;730199.8709190126;241633.13550263003;793679.1721321273;Source données test
2023-03;ENT_ES_001;PRJ_999;BL_SUP;1764909.610653237;929937.6222569505;1098798.562987341;834971.9883962865;Anomalie: projet_inconnu
2023-06;ENT_IT_001;PRJ_008;BL_DEV;3024565.7739377865;836778.6534661818;217950.33331964572;2187787.1204716046;Source données test
2024-08;ENT_IT_001;PRJ_008;BL_SUP;3289353.517449379;158513.9965872445;1449557.569088313;3130839.5208621346;Anomalie: valeur_manquante
2024-08;ENT_FR_001;PRJ_010;BL_CONST;134624.8955766153;50709.74468569568;1059053.8273116103;83915.15089091961;Source données test
2024-03;ENT_ES_001;PRJ_007;BL_SUP;3002831.387424008;131367.13372864525;1222938.806764848;2871464.2536953627;Source données test
2023-06;ENT_DE_001;PRJ_004;BL_DEV;4831596.962065341;2353090.2353748796;623135.2629632739;2478506.7266904614;Source données test
